B,n,k,t_iter
1,8192,4,0.011459227069281042
1,8192,5,0.011489394004456699
1,8192,6,0.010828270926140249
1,8192,7,0.011645134072750807
1,8192,8,0.011427484918385744
1,8192,9,0.011308157001622021
1,8192,10,0.011394459987059236
1,8192,11,0.010794952046126127
1,8192,12,0.011525835026986897
1,8192,13,0.011177484993822873
1,8192,14,0.011423702002502978
1,8192,15,0.010697121033445
1,8192,16,0.011518358951434493
1,8192,17,0.011553723947145045
1,8192,18,0.011071405024267733
1,8192,19,0.011170245008543134
1,8192,20,0.011254084063693881
1,8192,21,0.01147737493738532
1,8192,22,0.011026098974980414
1,8192,23,0.01134748908225447
1,8192,24,0.010735746007412672
1,8192,25,0.011542837950401008
1,8192,26,0.011520051979459822
1,8192,27,0.01124202401842922
1,8192,28,0.011115154949948192
1,8192,29,0.010790320113301277
1,8192,30,0.01164019899442792
1,8192,31,0.011082451906986535
1,8192,32,0.011095718014985323
1,8192,33,0.011049300082959235
1,8192,34,0.011573093943297863
1,8192,35,0.011201611021533608
1,8192,36,0.011259560938924551
1,8192,37,0.011510445037856698
1,8192,38,0.01070402399636805
1,8192,39,0.011770384036935866
1,8192,40,0.010761437937617302
1,8192,41,0.011571387993171811
1,8192,42,0.010840367060154676
1,8192,43,0.011915436945855618
1,8192,44,0.011062704026699066
1,8192,45,0.011277579003944993
1,8192,46,0.011230502044782043
1,8192,47,0.010775679955258965
1,8192,48,0.011508696945384145
1,8192,49,0.011068575084209442
1,8192,50,0.011161229922436178
1,8192,51,0.011078890063799918
1,8192,52,0.012050317949615419
1,8192,53,0.010762143996544182
1,8192,54,0.011203645030036569
1,8192,55,0.011508163996040821
1,8192,56,0.010809023049660027
1,8192,57,0.01154712401330471
1,8192,58,0.011376319918781519
1,8192,59,0.01111677405424416
1,8192,60,0.010960745974443853
1,8192,61,0.011744898976758122
1,8192,62,0.011108611011877656
1,8192,63,0.011226598056964576
1,8192,64,0.011255768942646682
1,8192,65,0.010740605997852981
1,8192,66,0.01135832304134965
1,8192,67,0.0112261560279876
1,8192,68,0.011304498999379575
1,8192,69,0.011351441964507103
1,8192,70,0.011531731928698719
1,8192,71,0.011230485048145056
1,8192,72,0.01125672401394695
1,8192,73,0.011049506021663547
1,8192,74,0.010766456020064652
1,8192,75,0.011969872983172536
1,8192,76,0.011122846975922585
1,8192,77,0.011238386039622128
1,8192,78,0.010877942899242043
1,8192,79,0.011531626107171178
1,8192,80,0.01132829999551177
1,8192,81,0.011042451951652765
1,8192,82,0.01100901304744184
1,8192,83,0.011045222985558212
1,8192,84,0.011284505017101765
1,8192,85,0.011702233925461769
1,8192,86,0.011141731054522097
1,8192,87,0.010964490938931704
1,8192,88,0.01164288108702749
1,8192,89,0.011437883949838579
1,8192,90,0.010808030958287418
1,8192,91,0.011450777994468808
1,8192,92,0.010777986026369035
1,8192,93,0.011465545045211911
1,8192,94,0.011086985934525728
1,8192,95,0.011571475071832538
1,8192,96,0.010832075960934162
1,8192,97,0.011781782959587872
1,8192,98,0.011283298023045063
1,8192,99,0.010897175990976393
1,8192,100,0.011078101000748575
1,8192,101,0.011092971079051495
1,8192,102,0.011773134930990636
1,8192,103,0.011260612984187901
1,8192,104,0.011135227046906948
1,8192,105,0.010915644001215696
1,8192,106,0.011580658960156143
1,8192,107,0.011678609065711498
1,8192,108,0.010798900970257819
1,8192,109,0.011160966008901596
1,8192,110,0.010959182982333004
1,8192,111,0.011561678955331445
1,8192,112,0.011109015089459717
1,8192,113,0.011173611972481012
1,8192,114,0.011048184940591455
1,8192,115,0.011422920040786266
1,8192,116,0.011447445023804903
1,8192,117,0.01134501292835921
1,8192,118,0.011170169105753303
1,8192,119,0.010852659936062992
1,8192,120,0.011510387994349003
1,8192,121,0.011079880059696734
1,8192,122,0.011562068946659565
1,8192,123,0.010836394969373941
1,8192,124,0.011740037007257342
1,8192,125,0.011297382996417582
1,8192,126,0.011153861065395176
1,8192,127,0.011152160936035216
1,8192,128,0.01087549701333046
1,8192,129,0.01127068605273962
1,8192,130,0.011613013921305537
1,8192,131,0.011329355067573488
1,8192,132,0.010918541927821934
1,8192,133,0.011542247026227415
1,8192,134,0.011239771032705903
1,8192,135,0.011294774943962693
1,8192,136,0.011176842032000422
1,8192,137,0.010882699047215283
1,8192,138,0.011371179949492216
1,8192,139,0.011583797982893884
1,8192,140,0.011208608048036695
1,8192,141,0.010933656012639403
1,8192,142,0.011320185963995755
1,8192,143,0.01157221698667854
1,8192,144,0.011197570012882352
1,8192,145,0.011286239023320377
1,8192,146,0.010792725952342153
1,8192,147,0.011762973037548363
1,8192,148,0.011265598004683852
1,8192,149,0.011258473969064653
1,8192,150,0.010829676990397274
1,8192,151,0.011824787012301385
1,8192,152,0.011013122973963618
1,8192,153,0.011497680097818375
1,8192,154,0.010972693911753595
1,8192,155,0.010768895037472248
1,8192,156,0.011749241035431623
1,8192,157,0.011295688920654356
1,8192,158,0.011422432027757168
1,8192,159,0.010648573050275445
1,8192,160,0.011734426952898502
1,8192,161,0.011153694009408355
1,8192,162,0.011311943992041051
1,8192,163,0.010944562964141369
1,8192,164,0.011031912988983095
1,8192,165,0.011328300111927092
1,8192,166,0.01179582194890827
1,8192,167,0.011004652013070881
1,8192,168,0.010978332022204995
1,8192,169,0.011862799990922213
1,8192,170,0.011085812933743
1,8192,171,0.011389211984351277
1,8192,172,0.011061894008889794
1,8192,173,0.01087021001148969
1,8192,174,0.011669708066619933
1,8192,175,0.011210280936211348
1,8192,176,0.011176928994245827
1,8192,177,0.010999891092069447
1,8192,178,0.011747159995138645
1,8192,179,0.011073066969402134
1,8192,180,0.011317642987705767
1,8192,181,0.01122964103706181
1,8192,182,0.010859016911126673
1,8192,183,0.011652808985672891
1,8192,184,0.011202382040210068
1,8192,185,0.011778119020164013
1,8192,186,0.010419746045954525
1,8192,187,0.011652387911453843
1,8192,188,0.011011949041858315
1,8192,189,0.011754876002669334
1,8192,190,0.010924228001385927
1,8192,191,0.010956679005175829
1,8192,192,0.011668732040561736
1,8192,193,0.010939398896880448
1,8192,194,0.011380626005120575
1,8192,195,0.010857674991711974
1,8192,196,0.011632059002295136
1,8192,197,0.011183245107531548
1,8192,198,0.01156802091281861
1,8192,199,0.010909429052844644
1,8192,200,0.011326445965096354
1,8192,201,0.011401962954550982
1,8192,202,0.01114174211397767
1,8192,203,0.01097775693051517
1,8192,204,0.01123245304916054
1,8192,205,0.011754214996472001
1,8192,206,0.011363681987859309
1,8192,207,0.011438566958531737
1,8192,208,0.010932781966403127
1,8192,209,0.01084573904518038
1,8192,210,0.011690952000208199
1,8192,211,0.01124327105935663
1,8192,212,0.010950611904263496
1,8192,213,0.011091752094216645
1,8192,214,0.01189175492618233
1,8192,215,0.011230158968828619
1,8192,216,0.011372912093065679
1,8192,217,0.010985311004333198
1,8192,218,0.010867855977267027
1,8192,219,0.011729156947694719
1,8192,220,0.011232455028221011
1,8192,221,0.011038496973924339
1,8192,222,0.01091794203966856
1,8192,223,0.011897390009835362
1,8192,224,0.011197983985766768
1,8192,225,0.011290307040326297
1,8192,226,0.01153229596093297
1,8192,227,0.010850207996554673
1,8192,228,0.011269701994024217
1,8192,229,0.011329891975037754
1,8192,230,0.010996732045896351
1,8192,231,0.011021186946891248
1,8192,232,0.011732926010154188
1,8192,233,0.011227005976252258
1,8192,234,0.01129644108004868
1,8192,235,0.010956101934425533
1,8192,236,0.011002612998709083
1,8192,237,0.011813162011094391
1,8192,238,0.011236605001613498
1,8192,239,0.011035609990358353
1,8192,240,0.010970087023451924
1,8192,241,0.011895745992660522
1,8192,242,0.011316267075017095
1,8192,243,0.011136645916849375
1,8192,244,0.01108268997631967
1,8192,245,0.011061800993047655
1,8192,246,0.01168583007529378
1,8192,247,0.011091831023804843
1,8192,248,0.01122849399689585
1,8192,249,0.011439872905611992
1,8192,250,0.011354719055816531
1,8192,251,0.011080046999268234
1,8192,252,0.011383465956896544
1,8192,253,0.010713024064898491
1,8192,254,0.011238880921155214
1,8192,255,0.0121665820479393
1,16000,4,0.011993163963779807
1,16000,5,0.012047611991874874
1,16000,6,0.012010060949251056
1,16000,7,0.011964672012254596
1,16000,8,0.011809590039774776
1,16000,9,0.011508597992360592
1,16000,10,0.011717398068867624
1,16000,11,0.011222930974327028
1,16000,12,0.012085351976566017
1,16000,13,0.011262826970778406
1,16000,14,0.012104936060495675
1,16000,15,0.011846978915855289
1,16000,16,0.011837886995635927
1,16000,17,0.01097554701846093
1,16000,18,0.011623447062447667
1,16000,19,0.012263979995623231
1,16000,20,0.011214131023734808
1,16000,21,0.011955687892623246
1,16000,22,0.011190401040948927
1,16000,23,0.012292055995203555
1,16000,24,0.011630894034169614
1,16000,25,0.011732639977708459
1,16000,26,0.011505733011290431
1,16000,27,0.01127588504459709
1,16000,28,0.011755059007555246
1,16000,29,0.011658190982416272
1,16000,30,0.011622065911069512
1,16000,31,0.011758862063288689
1,16000,32,0.011771474033594131
1,16000,33,0.01208221900742501
1,16000,34,0.011429022997617722
1,16000,35,0.011329872999340296
1,16000,36,0.012078535975888371
1,16000,37,0.01112695096526295
1,16000,38,0.011945636011660099
1,16000,39,0.011378602939657867
1,16000,40,0.01204427401535213
1,16000,41,0.011942226090468466
1,16000,42,0.011554562952369452
1,16000,43,0.011628597974777222
1,16000,44,0.011338624055497348
1,16000,45,0.011686775949783623
1,16000,46,0.011555452016182244
1,16000,47,0.01172573899384588
1,16000,48,0.011410161037929356
1,16000,49,0.01232446194626391
1,16000,50,0.011798584018833935
1,16000,51,0.011415085988119245
1,16000,52,0.011821415973827243
1,16000,53,0.011209089076146483
1,16000,54,0.01168359792791307
1,16000,55,0.01201409101486206
1,16000,56,0.01145080104470253
1,16000,57,0.011600437923334539
1,16000,58,0.012031159014441073
1,16000,59,0.011589503032155335
1,16000,60,0.011229687952436507
1,16000,61,0.012231560074724257
1,16000,62,0.011413926957175136
1,16000,63,0.011326063075102866
1,16000,64,0.012149823945946991
1,16000,65,0.011182304006069899
1,16000,66,0.012184421997517347
1,16000,67,0.011744481977075338
1,16000,68,0.011615233030170202
1,16000,69,0.01168807502835989
1,16000,70,0.011208027019165456
1,16000,71,0.011849606991745532
1,16000,72,0.01188558095600456
1,16000,73,0.011771355988457799
1,16000,74,0.011075417045503855
1,16000,75,0.012266024947166443
1,16000,76,0.011666754027828574
1,16000,77,0.011919918935745955
1,16000,78,0.011471343110315502
1,16000,79,0.011425378965213895
1,16000,80,0.011354529997333884
1,16000,81,0.012057735933922231
1,16000,82,0.011309055029414594
1,16000,83,0.012089269002899528
1,16000,84,0.011749700992368162
1,16000,85,0.0113792410120368
1,16000,86,0.011584979016333818
1,16000,87,0.011439091991633177
1,16000,88,0.012020859052427113
1,16000,89,0.011321085970848799
1,16000,90,0.012226381921209395
1,16000,91,0.011114704073406756
1,16000,92,0.012187407002784312
1,16000,93,0.011671538930386305
1,16000,94,0.011807572096586227
1,16000,95,0.011427177931182086
1,16000,96,0.011461541056632996
1,16000,97,0.011842772015370429
1,16000,98,0.011766346986405551
1,16000,99,0.011674442910589278
1,16000,100,0.011214647092856467
1,16000,101,0.01227913296315819
1,16000,102,0.011458638007752597
1,16000,103,0.011196034960448742
1,16000,104,0.012260986026376486
1,16000,105,0.011576461023651063
1,16000,106,0.011245663976296782
1,16000,107,0.01212030602619052
1,16000,108,0.011370297987014055
1,16000,109,0.011900280020199716
1,16000,110,0.0117467480013147
1,16000,111,0.011677331989631057
1,16000,112,0.01168053294532001
1,16000,113,0.011349357082508504
1,16000,114,0.011614001938141882
1,16000,115,0.011738299974240363
1,16000,116,0.011937851086258888
1,16000,117,0.011182943941093981
1,16000,118,0.011816270067356527
1,16000,119,0.012026534997858107
1,16000,120,0.011802785913459957
1,16000,121,0.0115414330502972
1,16000,122,0.011336288996972144
1,16000,123,0.01149757404346019
1,16000,124,0.012122622923925519
1,16000,125,0.01173792197369039
1,16000,126,0.011149169993586838
1,16000,127,0.011984560056589544
1,16000,128,0.012042670045047998
1,16000,129,0.011726486962288618
1,16000,130,0.011253976030275226
1,16000,131,0.011554427910596132
1,16000,132,0.011769531993195415
1,16000,133,0.011797079001553357
1,16000,134,0.011339436052367091
1,16000,135,0.011925766011700034
1,16000,136,0.011843743966892362
1,16000,137,0.011771399062126875
1,16000,138,0.011647067964076996
1,16000,139,0.011166265001520514
1,16000,140,0.011612267000600696
1,16000,141,0.011865754961036146
1,16000,142,0.011811224976554513
1,16000,143,0.011265436070971191
1,16000,144,0.011933424975723028
1,16000,145,0.01208817504812032
1,16000,146,0.011014414951205254
1,16000,147,0.012215181952342391
1,16000,148,0.01127902406733483
1,16000,149,0.011466474970802665
1,16000,150,0.012147311004810035
1,16000,151,0.011751104961149395
1,16000,152,0.011237985105253756
1,16000,153,0.012172303977422416
1,16000,154,0.011750090983696282
1,16000,155,0.01164423197042197
1,16000,156,0.011298016994260252
1,16000,157,0.011695066001266241
1,16000,158,0.011562978033907712
1,16000,159,0.011884890031069517
1,16000,160,0.011611703899689019
1,16000,161,0.01162293809466064
1,16000,162,0.01203575893305242
1,16000,163,0.01159402506891638
1,16000,164,0.011706433957442641
1,16000,165,0.011311513022519648
1,16000,166,0.01148206798825413
1,16000,167,0.01188689295668155
1,16000,168,0.011645406018942595
1,16000,169,0.011368265957571566
1,16000,170,0.012217106064781547
1,16000,171,0.011830933042801917
1,16000,172,0.011673098895698786
1,16000,173,0.01151307299733162
1,16000,174,0.011355784023180604
1,16000,175,0.01180313399527222
1,16000,176,0.011881143087521195
1,16000,177,0.011424894910305738
1,16000,178,0.011787675088271499
1,16000,179,0.011541015934199095
1,16000,180,0.012059411965310574
1,16000,181,0.011835398036055267
1,16000,182,0.011058053001761436
1,16000,183,0.011588849010877311
1,16000,184,0.011471441946923733
1,16000,185,0.012214420014061034
1,16000,186,0.011642739991657436
1,16000,187,0.011428226018324494
1,16000,188,0.011963946046307683
1,16000,189,0.011303405975922942
1,16000,190,0.01213077805005014
1,16000,191,0.011248135939240456
1,16000,192,0.011626868043094873
1,16000,193,0.011817703023552895
1,16000,194,0.011641831952147186
1,16000,195,0.011853327043354511
1,16000,196,0.011914756963960826
1,16000,197,0.011729076970368624
1,16000,198,0.011526231071911752
1,16000,199,0.011770532000809908
1,16000,200,0.011196377919986844
1,16000,201,0.011796906008385122
1,16000,202,0.011812556069344282
1,16000,203,0.011377231916412711
1,16000,204,0.01149029505904764
1,16000,205,0.012017800938338041
1,16000,206,0.011955975089222193
1,16000,207,0.011792207951657474
1,16000,208,0.011228446965105832
1,16000,209,0.011770245037041605
1,16000,210,0.011428968980908394
1,16000,211,0.011751524987630546
1,16000,212,0.011461000074632466
1,16000,213,0.012150764930993319
1,16000,214,0.011822693981230259
1,16000,215,0.011790886987000704
1,16000,216,0.011361797107383609
1,16000,217,0.011535406927578151
1,16000,218,0.011930605978704989
1,16000,219,0.011478291009552777
1,16000,220,0.01172122999560088
1,16000,221,0.011350422049872577
1,16000,222,0.011950894957408309
1,16000,223,0.012023227056488395
1,16000,224,0.011680766008794308
1,16000,225,0.011382928933016956
1,16000,226,0.011532768025062978
1,16000,227,0.011664238991215825
1,16000,228,0.011906489031389356
1,16000,229,0.011562590952962637
1,16000,230,0.011321861995384097
1,16000,231,0.01233505504205823
1,16000,232,0.011799480998888612
1,16000,233,0.011654110043309629
1,16000,234,0.011317932978272438
1,16000,235,0.011440377915278077
1,16000,236,0.011870715068653226
1,16000,237,0.01183291501365602
1,16000,238,0.011158225010149181
1,16000,239,0.01183272001799196
1,16000,240,0.011848097899928689
1,16000,241,0.012061996036209166
1,16000,242,0.011585726984776556
1,16000,243,0.01126394106540829
1,16000,244,0.011504182941280305
1,16000,245,0.011959754978306592
1,16000,246,0.011809210991486907
1,16000,247,0.011245694011449814
1,16000,248,0.012301702983677387
1,16000,249,0.011642048018984497
1,16000,250,0.011633342015556991
1,16000,251,0.011314413044601679
1,16000,252,0.011548000969924033
1,16000,253,0.011888443026691675
1,16000,254,0.011953494977205992
1,16000,255,0.011686107027344406
2,8192,4,0.06137401598971337
2,8192,5,0.01506552449427545
2,8192,6,0.009320757002569735
2,8192,7,0.012347314972430468
2,8192,8,0.011808798532001674
2,8192,9,0.01201181800570339
2,8192,10,0.012224468984641135
2,8192,11,0.011638890486210585
2,8192,12,0.011843537038657814
2,8192,13,0.01183390145888552
2,8192,14,0.011566306988243014
2,8192,15,0.012014466512482613
2,8192,16,0.01181816851021722
2,8192,17,0.011636762006673962
2,8192,18,0.012038304470479488
2,8192,19,0.011741436028387398
2,8192,20,0.011546034016646445
2,8192,21,0.011930708482395858
2,8192,22,0.011838416510727257
2,8192,23,0.011773808510042727
2,8192,24,0.011856506462208927
2,8192,25,0.011403391021303833
2,8192,26,0.0120876754517667
2,8192,27,0.012025214033201337
2,8192,28,0.011584188498090953
2,8192,29,0.01180010853568092
2,8192,30,0.011601488979067653
2,8192,31,0.011937918025068939
2,8192,32,0.011746483447495848
2,8192,33,0.011733417049981654
2,8192,34,0.011818472994491458
2,8192,35,0.0120546575053595
2,8192,36,0.011552038951776922
2,8192,37,0.011568003508727998
2,8192,38,0.011787282535806298
2,8192,39,0.011773986974731088
2,8192,40,0.012162318045739084
2,8192,41,0.01155889843357727
2,8192,42,0.011608537985011935
2,8192,43,0.011986136552877724
2,8192,44,0.011929480009712279
2,8192,45,0.011914127971976995
2,8192,46,0.011454406485427171
2,8192,47,0.011758499022107571
2,8192,48,0.011990484490524977
2,8192,49,0.011968872509896755
2,8192,50,0.011899224016815424
2,8192,51,0.011339903459884226
2,8192,52,0.012080010026693344
2,8192,53,0.01190025347750634
2,8192,54,0.011628630047198385
2,8192,55,0.011855104938149452
2,8192,56,0.011652501998469234
2,8192,57,0.01183395052794367
2,8192,58,0.01201702404068783
2,8192,59,0.011598567944020033
2,8192,60,0.011894971481524408
2,8192,61,0.011933672532904893
2,8192,62,0.011602929036598653
2,8192,63,0.011865738953929394
2,8192,64,0.011693479027599096
2,8192,65,0.011736163985915482
2,8192,66,0.012053414538968354
2,8192,67,0.011836665507871658
2,8192,68,0.01167361147236079
2,8192,69,0.011842346983030438
2,8192,70,0.011692826519720256
2,8192,71,0.011696637433487922
2,8192,72,0.011899994045961648
2,8192,73,0.011890837049577385
2,8192,74,0.011698551941663027
2,8192,75,0.011773463047575206
2,8192,76,0.011702265939675272
2,8192,77,0.011759610497392714
2,8192,78,0.012057248561177403
2,8192,79,0.011756349995266646
2,8192,80,0.011469044489786029
2,8192,81,0.012037831009365618
2,8192,82,0.01164022192824632
2,8192,83,0.012031103542540222
2,8192,84,0.011911722482182086
2,8192,85,0.011582486564293504
2,8192,86,0.012040759960655123
2,8192,87,0.011740634508896619
2,8192,88,0.011679624964017421
2,8192,89,0.011688550002872944
2,8192,90,0.01205462752841413
2,8192,91,0.011693087522871792
2,8192,92,0.011825045454315841
2,8192,93,0.011831920477561653
2,8192,94,0.011707953992299736
2,8192,95,0.011970026069320738
2,8192,96,0.0116045314935036
2,8192,97,0.011640561453532428
2,8192,98,0.01205210800981149
2,8192,99,0.011732453538570553
2,8192,100,0.01184233301319182
2,8192,101,0.011926439998205751
2,8192,102,0.011603069957345724
2,8192,103,0.011893403483554721
2,8192,104,0.01160835800692439
2,8192,105,0.01189627149142325
2,8192,106,0.011943854507990181
2,8192,107,0.01181570254266262
2,8192,108,0.011687434918712825
2,8192,109,0.011865300533827394
2,8192,110,0.011842867999803275
2,8192,111,0.011827341048046947
2,8192,112,0.011792214470915496
2,8192,113,0.011635011003818363
2,8192,114,0.011824075016193092
2,8192,115,0.011932977009564638
2,8192,116,0.011784595961216837
2,8192,117,0.011655735492240638
2,8192,118,0.011998258531093597
2,8192,119,0.011497658502776176
2,8192,120,0.012030388985294849
2,8192,121,0.01173967047361657
2,8192,122,0.011572126008104533
2,8192,123,0.012124493543524295
2,8192,124,0.01162091048900038
2,8192,125,0.011965619516558945
2,8192,126,0.01168840192258358
2,8192,127,0.011814967030659318
2,8192,128,0.011841635045129806
2,8192,129,0.011788408446591347
2,8192,130,0.01191840402316302
2,8192,131,0.01156770100351423
2,8192,132,0.012017417466267943
2,8192,133,0.011712883017025888
2,8192,134,0.011809132993221283
2,8192,135,0.012046125484630466
2,8192,136,0.011444675037637353
2,8192,137,0.011970468505751342
2,8192,138,0.011741471942514181
2,8192,139,0.011728685582056642
2,8192,140,0.012016314431093633
2,8192,141,0.011689833540003747
2,8192,142,0.011909454013220966
2,8192,143,0.011559095466509461
2,8192,144,0.011986915022134781
2,8192,145,0.011761351488530636
2,8192,146,0.0118576365057379
2,8192,147,0.011856556520797312
2,8192,148,0.011582496459595859
2,8192,149,0.01204260200029239
2,8192,150,0.011638953059446067
2,8192,151,0.011854412965476513
2,8192,152,0.011836710968054831
2,8192,153,0.011712461535353214
2,8192,154,0.011889743036590517
2,8192,155,0.011701503477524966
2,8192,156,0.011744639952667058
2,8192,157,0.011710291495546699
2,8192,158,0.011876906035467982
2,8192,159,0.011989330465439707
2,8192,160,0.011568679998163134
2,8192,161,0.01186288398457691
2,8192,162,0.011471644567791373
2,8192,163,0.012184331950265914
2,8192,164,0.011797325045336038
2,8192,165,0.011784066969994456
2,8192,166,0.01186183252139017
2,8192,167,0.011486923031043261
2,8192,168,0.012085712980479002
2,8192,169,0.011623956961557269
2,8192,170,0.012107306974940002
2,8192,171,0.011711480561643839
2,8192,172,0.011531577969435602
2,8192,173,0.011847857036627829
2,8192,174,0.011825366003904492
2,8192,175,0.01198390795616433
2,8192,176,0.011751353507861495
2,8192,177,0.011507466493640095
2,8192,178,0.01202243601437658
2,8192,179,0.011740742018446326
2,8192,180,0.011996846937108785
2,8192,181,0.011687237594742328
2,8192,182,0.011753318423870951
2,8192,183,0.011842812004033476
2,8192,184,0.011731051024980843
2,8192,185,0.011889950488694012
2,8192,186,0.01174303499283269
2,8192,187,0.012042375514283776
2,8192,188,0.011558254016563296
2,8192,189,0.011905183491762727
2,8192,190,0.01167606347007677
2,8192,191,0.011904053506441414
2,8192,192,0.011996033019386232
2,8192,193,0.011631065979599953
2,8192,194,0.011788269970566034
2,8192,195,0.011836353049147874
2,8192,196,0.011828086513560265
2,8192,197,0.011997102992609143
2,8192,198,0.01156094198813662
2,8192,199,0.011872018512804061
2,8192,200,0.011751451005693525
2,8192,201,0.01177806849591434
2,8192,202,0.012033321021590382
2,8192,203,0.01155893097165972
2,8192,204,0.01176908053457737
2,8192,205,0.01166686596116051
2,8192,206,0.012208022002596408
2,8192,207,0.01158835447859019
2,8192,208,0.011860344500746578
2,8192,209,0.0116666434914805
2,8192,210,0.011792719014920294
2,8192,211,0.012034855491947383
2,8192,212,0.011612920032348484
2,8192,213,0.0119491369696334
2,8192,214,0.011907168023753911
2,8192,215,0.011694478977005929
2,8192,216,0.011634617985691875
2,8192,217,0.01196798903401941
2,8192,218,0.011821036459878087
2,8192,219,0.011883007537107915
2,8192,220,0.011606862011831254
2,8192,221,0.011939944990444928
2,8192,222,0.011790633492637426
2,8192,223,0.011813225515652448
2,8192,224,0.011793393001426011
2,8192,225,0.011903682025149465
2,8192,226,0.011839815939310938
2,8192,227,0.011527230555657297
2,8192,228,0.011727765493560582
2,8192,229,0.011820071435067803
2,8192,230,0.012208975036628544
2,8192,231,0.01187420403584838
2,8192,232,0.011466956464573741
2,8192,233,0.011602410988416523
2,8192,234,0.011887053493410349
2,8192,235,0.012052289501298219
2,8192,236,0.012089727562852204
2,8192,237,0.011500184948090464
2,8192,238,0.011761335015762597
2,8192,239,0.011807933042291552
2,8192,240,0.012178820907138288
2,8192,241,0.011504522059112787
2,8192,242,0.01210811297642067
2,8192,243,0.011489977012388408
2,8192,244,0.011714221502188593
2,8192,245,0.01201952702831477
2,8192,246,0.011444731440860778
2,8192,247,0.012456161028239876
2,8192,248,0.011388873972464353
2,8192,249,0.011758062522858381
2,8192,250,0.012309538491535932
2,8192,251,0.010761655983515084
2,8192,252,0.011823376000393182
2,8192,253,0.0115630385116674
2,8192,254,0.011446442978922278
2,8192,255,0.012316962063778192
2,16000,4,0.060532498464453965
2,16000,5,0.06301071052439511
2,16000,6,0.06692172592738643
2,16000,7,0.06951023906003684
2,16000,8,0.0580636675003916
2,16000,9,0.007255723990965635
2,16000,10,0.012725735548883677
2,16000,11,0.012804318917915225
2,16000,12,0.01272281352430582
2,16000,13,0.012373347009997815
2,16000,14,0.013064116006717086
2,16000,15,0.012803131015971303
2,16000,16,0.012415895995218307
2,16000,17,0.012704600987490267
2,16000,18,0.012799853459000587
2,16000,19,0.012550336075946689
2,16000,20,0.012783110491000116
2,16000,21,0.01204883394530043
2,16000,22,0.013195352512411773
2,16000,23,0.012744080508127809
2,16000,24,0.012294785468839109
2,16000,25,0.012801781063899398
2,16000,26,0.012757549004163593
2,16000,27,0.012316963460762054
2,16000,28,0.012941756984218955
2,16000,29,0.012030633050017059
2,16000,30,0.013268374488689005
2,16000,31,0.012763944978360087
2,16000,32,0.012257038557436317
2,16000,33,0.01273781544296071
2,16000,34,0.012785408005584031
2,16000,35,0.012250398518517613
2,16000,36,0.012954279955010861
2,16000,37,0.012090469535905868
2,16000,38,0.013231469958554953
2,16000,39,0.012842499534599483
2,16000,40,0.012161387014202774
2,16000,41,0.012791382963769138
2,16000,42,0.012801409524399787
2,16000,43,0.012123887019697577
2,16000,44,0.012967940943781286
2,16000,45,0.012111877498682588
2,16000,46,0.013304121035616845
2,16000,47,0.012763861508574337
2,16000,48,0.012139602447859943
2,16000,49,0.01292850449681282
2,16000,50,0.012571267026942223
2,16000,51,0.012201955541968346
2,16000,52,0.013048516993876547
2,16000,53,0.012116730504203588
2,16000,54,0.013344683509785682
2,16000,55,0.012626922922208905
2,16000,56,0.012235264061018825
2,16000,57,0.013001297484152019
2,16000,58,0.012540949508547783
2,16000,59,0.012320218491367996
2,16000,60,0.012995344528462738
2,16000,61,0.012096491467673331
2,16000,62,0.013310527021531016
2,16000,63,0.01264352846192196
2,16000,64,0.012160213489551097
2,16000,65,0.01303829054813832
2,16000,66,0.012701046478468925
2,16000,67,0.012380673491861671
2,16000,68,0.012881087488494813
2,16000,69,0.012028030527289957
2,16000,70,0.013322277460247278
2,16000,71,0.012705087545327842
2,16000,72,0.012189259985461831
2,16000,73,0.012899702531285584
2,16000,74,0.01277207100065425
2,16000,75,0.01237938046688214
2,16000,76,0.012797335512004793
2,16000,77,0.012181296478956938
2,16000,78,0.013217689062003046
2,16000,79,0.012629356002435088
2,16000,80,0.012384164496324956
2,16000,81,0.012729677953757346
2,16000,82,0.01284226099960506
2,16000,83,0.01242059946525842
2,16000,84,0.01265830104239285
2,16000,85,0.012414590455591679
2,16000,86,0.013039989571552724
2,16000,87,0.01262121245963499
2,16000,88,0.012374979967717081
2,16000,89,0.012709945032838732
2,16000,90,0.012544311990495771
2,16000,91,0.01280479901470244
2,16000,92,0.012564598524477333
2,16000,93,0.012534835026599467
2,16000,94,0.012975699442904443
2,16000,95,0.012682150525506586
2,16000,96,0.012331767939031124
2,16000,97,0.01262370403856039
2,16000,98,0.012560332019347697
2,16000,99,0.012839804985560477
2,16000,100,0.012578972498886287
2,16000,101,0.012542194977868348
2,16000,102,0.012971724499948323
2,16000,103,0.01270238502183929
2,16000,104,0.012262192030902952
2,16000,105,0.012711050978396088
2,16000,106,0.012693864002358168
2,16000,107,0.012648009520489722
2,16000,108,0.012764153478201479
2,16000,109,0.012378866493236274
2,16000,110,0.013004501524847
2,16000,111,0.012630043958779424
2,16000,112,0.012119041522964835
2,16000,113,0.012944268004503101
2,16000,114,0.012644041969906539
2,16000,115,0.012703892542049289
2,16000,116,0.012676695478148758
2,16000,117,0.012421068036928773
2,16000,118,0.013074312941171229
2,16000,119,0.012597049004398286
2,16000,120,0.012149824004154652
2,16000,121,0.012857988534960896
2,16000,122,0.01274118252331391
2,16000,123,0.012660769454669207
2,16000,124,0.012506851984653622
2,16000,125,0.01253274647751823
2,16000,126,0.013087786559481174
2,16000,127,0.012584487441927195
2,16000,128,0.012385303503833711
2,16000,129,0.012683971028309315
2,16000,130,0.012799496005754918
2,16000,131,0.012612847960554063
2,16000,132,0.012546715559437871
2,16000,133,0.012486488441936672
2,16000,134,0.013052011549007148
2,16000,135,0.01248676999239251
2,16000,136,0.012285563978366554
2,16000,137,0.012836683017667383
2,16000,138,0.01268876000540331
2,16000,139,0.012624464987311512
2,16000,140,0.01263545552501455
2,16000,141,0.012580541952047497
2,16000,142,0.012937478488311172
2,16000,143,0.012656424543820322
2,16000,144,0.01205565599957481
2,16000,145,0.012931717035826296
2,16000,146,0.012690196454059333
2,16000,147,0.012575113971251994
2,16000,148,0.012582589581143111
2,16000,149,0.012709386413916945
2,16000,150,0.012889133067801595
2,16000,151,0.01269458292517811
2,16000,152,0.012209832551889122
2,16000,153,0.012787122512236238
2,16000,154,0.012949425494298339
2,16000,155,0.012368715950287879
2,16000,156,0.01249480654951185
2,16000,157,0.012755725474562496
2,16000,158,0.012981386040337384
2,16000,159,0.012597324966918677
2,16000,160,0.0123106770333834
2,16000,161,0.012661215965636075
2,16000,162,0.013060768542345613
2,16000,163,0.01230714947450906
2,16000,164,0.012529413506854326
2,16000,165,0.012711194984149188
2,16000,166,0.012960636522620916
2,16000,167,0.012613384984433651
2,16000,168,0.012315333995502442
2,16000,169,0.012713193951640278
2,16000,170,0.012859081500209868
2,16000,171,0.01241061557084322
2,16000,172,0.012481413956265897
2,16000,173,0.01284479204332456
2,16000,174,0.01279464247636497
2,16000,175,0.012542380020022392
2,16000,176,0.01241434644907713
2,16000,177,0.01287264353595674
2,16000,178,0.012667208502534777
2,16000,179,0.012521607975941151
2,16000,180,0.012543811521027237
2,16000,181,0.012833193992264569
2,16000,182,0.012728647037874907
2,16000,183,0.012525554455351084
2,16000,184,0.01243241800693795
2,16000,185,0.012713222473394126
2,16000,186,0.01298941404093057
2,16000,187,0.012475790979806334
2,16000,188,0.012709966045804322
2,16000,189,0.012657256447710097
2,16000,190,0.01266516005853191
2,16000,191,0.012569872953463346
2,16000,192,0.01248390949331224
2,16000,193,0.01245903002563864
2,16000,194,0.013194180966820568
2,16000,195,0.012452885508537292
2,16000,196,0.012720613041892648
2,16000,197,0.012659323459956795
2,16000,198,0.012735224503558129
2,16000,199,0.012548991478979588
2,16000,200,0.012476513045839965
2,16000,201,0.01245839596958831
2,16000,202,0.013170192542020231
2,16000,203,0.012340511486399919
2,16000,204,0.012846086465287954
2,16000,205,0.012623891467228532
2,16000,206,0.012841153074987233
2,16000,207,0.012655802944209427
2,16000,208,0.01225425157463178
2,16000,209,0.012582669442053884
2,16000,210,0.013155410473700613
2,16000,211,0.012178334523923695
2,16000,212,0.012986714020371437
2,16000,213,0.012575796979945153
2,16000,214,0.012839514994993806
2,16000,215,0.012572838051710278
2,16000,216,0.012329738994594663
2,16000,217,0.012690745468717068
2,16000,218,0.013178072520531714
2,16000,219,0.012160248472355306
2,16000,220,0.012976428028196096
2,16000,221,0.01250652747694403
2,16000,222,0.012804346974007785
2,16000,223,0.012473158072680235
2,16000,224,0.012458870478440076
2,16000,225,0.012780099466908723
2,16000,226,0.01321794604882598
2,16000,227,0.012098352948669344
2,16000,228,0.012893287523183972
2,16000,229,0.01256404398009181
2,16000,230,0.012795306043699384
2,16000,231,0.012490081426221877
2,16000,232,0.0124963250127621
2,16000,233,0.012732302071526647
2,16000,234,0.013169700454454869
2,16000,235,0.01206193002872169
2,16000,236,0.012902342015877366
2,16000,237,0.012632237456273288
2,16000,238,0.012823725526686758
2,16000,239,0.012548601953312755
2,16000,240,0.012359360523987561
2,16000,241,0.01278831495437771
2,16000,242,0.013123921060469002
2,16000,243,0.012103572487831116
2,16000,244,0.01285762747284025
2,16000,245,0.01264192903181538
2,16000,246,0.012754831463098526
2,16000,247,0.012888837023638189
2,16000,248,0.01150676846737042
2,16000,249,0.01242362754419446
2,16000,250,0.012582578987348825
2,16000,251,0.011792834498919547
2,16000,252,0.012238791503477842
2,16000,253,0.0121233289828524
2,16000,254,0.012438594014383852
2,16000,255,0.012239027011673898
4,8192,4,0.056657035485841334
4,8192,5,0.052417399478144944
4,8192,6,0.05457565048709512
4,8192,7,0.05760090803960338
4,8192,8,0.015670433989726007
4,8192,9,0.012501931516453624
4,8192,10,0.012943668058142066
4,8192,11,0.012825728510506451
4,8192,12,0.013126284524332732
4,8192,13,0.012617597996722907
4,8192,14,0.012719276477582753
4,8192,15,0.01276335003785789
4,8192,16,0.012853366031777114
4,8192,17,0.012346664967481047
4,8192,18,0.012864635500591248
4,8192,19,0.012580118025653064
4,8192,20,0.012976756959687918
4,8192,21,0.012344737013336271
4,8192,22,0.01285825006198138
4,8192,23,0.012722779007162899
4,8192,24,0.012886404001619667
4,8192,25,0.012331684469245374
4,8192,26,0.012922255496960133
4,8192,27,0.01275707851164043
4,8192,28,0.012845747987739742
4,8192,29,0.0125008505419828
4,8192,30,0.012885503470897675
4,8192,31,0.012893847015220672
4,8192,32,0.012613522063475102
4,8192,33,0.012625376984942704
4,8192,34,0.01285672897938639
4,8192,35,0.012687468028161675
4,8192,36,0.01307638647267595
4,8192,37,0.012620885972864926
4,8192,38,0.012831928499508649
4,8192,39,0.012678773025982082
4,8192,40,0.012634358019568026
4,8192,41,0.01264001295203343
4,8192,42,0.012793940491974354
4,8192,43,0.012627830496057868
4,8192,44,0.01288537896471098
4,8192,45,0.012580403534229845
4,8192,46,0.012811660417355597
4,8192,47,0.012728783942293376
4,8192,48,0.012643569963984191
4,8192,49,0.012619447545148432
4,8192,50,0.012814126966986805
4,8192,51,0.012761437043081969
4,8192,52,0.012828077480662614
4,8192,53,0.012587150500621647
4,8192,54,0.01274111052043736
4,8192,55,0.012747774017043412
4,8192,56,0.012758291442878544
4,8192,57,0.012737471493892372
4,8192,58,0.012645905022509396
4,8192,59,0.012657169543672353
4,8192,60,0.012846170458942652
4,8192,61,0.01269498054170981
4,8192,62,0.012634302489459515
4,8192,63,0.01260760350851342
4,8192,64,0.012663964473176748
4,8192,65,0.012751226488035172
4,8192,66,0.012987227528356016
4,8192,67,0.012569810496643186
4,8192,68,0.012624109454918653
4,8192,69,0.012785712024196982
4,8192,70,0.012963828979991376
4,8192,71,0.012616666965186596
4,8192,72,0.012639278545975685
4,8192,73,0.012758893542923033
4,8192,74,0.012835289991926402
4,8192,75,0.01260793546680361
4,8192,76,0.012623457470908761
4,8192,77,0.012769257475156337
4,8192,78,0.012758672994095832
4,8192,79,0.012663033499848098
4,8192,80,0.01258226449135691
4,8192,81,0.01269759697606787
4,8192,82,0.012891142454463989
4,8192,83,0.012665465474128723
4,8192,84,0.012542530545033514
4,8192,85,0.012982086511328816
4,8192,86,0.012601872498635203
4,8192,87,0.012721697974484414
4,8192,88,0.012712477997411042
4,8192,89,0.012443336483556777
4,8192,90,0.012935432023368776
4,8192,91,0.012707689544185996
4,8192,92,0.012588895508088171
4,8192,93,0.013055234507191926
4,8192,94,0.012498229974880815
4,8192,95,0.012816900503821671
4,8192,96,0.012695449986495078
4,8192,97,0.012712586554698646
4,8192,98,0.012810654996428639
4,8192,99,0.012679329025559127
4,8192,100,0.012717936479020864
4,8192,101,0.013043816026765853
4,8192,102,0.01247770746704191
4,8192,103,0.012637018982786685
4,8192,104,0.012800673488527536
4,8192,105,0.01271305448608473
4,8192,106,0.012678663013502955
4,8192,107,0.01269171154126525
4,8192,108,0.012821131967939436
4,8192,109,0.012807783554308116
4,8192,110,0.012461057980544865
4,8192,111,0.012714583484921604
4,8192,112,0.012887417513411492
4,8192,113,0.012666478985920548
4,8192,114,0.012773267982993275
4,8192,115,0.012722348503302783
4,8192,116,0.012855287990532815
4,8192,117,0.012838161492254585
4,8192,118,0.012463002523873001
4,8192,119,0.012639269523788244
4,8192,120,0.01289441151311621
4,8192,121,0.012710027454886585
4,8192,122,0.01279708108631894
4,8192,123,0.012704301509074867
4,8192,124,0.012894983519800007
4,8192,125,0.012715516495518386
4,8192,126,0.01258565200259909
4,8192,127,0.012755490024574101
4,8192,128,0.013016204989980906
4,8192,129,0.012650994467549026
4,8192,130,0.01272393052931875
4,8192,131,0.012638512998819351
4,8192,132,0.012884391064289957
4,8192,133,0.012774930975865573
4,8192,134,0.012601751019246876
4,8192,135,0.012812433997169137
4,8192,136,0.012688078975770622
4,8192,137,0.01306864945217967
4,8192,138,0.01269457204034552
4,8192,139,0.012735622003674507
4,8192,140,0.012519294512458146
4,8192,141,0.013138603942934424
4,8192,142,0.012609410507138819
4,8192,143,0.012737238022964448
4,8192,144,0.012751706526614726
4,8192,145,0.012913320504594594
4,8192,146,0.01277832651976496
4,8192,147,0.012498160998802632
4,8192,148,0.012769179418683052
4,8192,149,0.013027541572228074
4,8192,150,0.012744180508889258
4,8192,151,0.012669368064962327
4,8192,152,0.012530023523140699
4,8192,153,0.013017590041272342
4,8192,154,0.012748991954140365
4,8192,155,0.012660556007176638
4,8192,156,0.012678748520556837
4,8192,157,0.013073615496978164
4,8192,158,0.012639130000025034
4,8192,159,0.012723787047434598
4,8192,160,0.012833785032853484
4,8192,161,0.013072392030153424
4,8192,162,0.012798097508493811
4,8192,163,0.012732303992379457
4,8192,164,0.01265855150995776
4,8192,165,0.012971126416232437
4,8192,166,0.012748992012348026
4,8192,167,0.012876856024377048
4,8192,168,0.012501150951720774
4,8192,169,0.012792538502253592
4,8192,170,0.01279131305636838
4,8192,171,0.013011598493903875
4,8192,172,0.012744316481985152
4,8192,173,0.012673477991484106
4,8192,174,0.012533944973256439
4,8192,175,0.013150069513358176
4,8192,176,0.012662131513934582
4,8192,177,0.012741682934574783
4,8192,178,0.01252877147635445
4,8192,179,0.013028808985836804
4,8192,180,0.012952078017406166
4,8192,181,0.01269179949304089
4,8192,182,0.012383947498165071
4,8192,183,0.013029634428676218
4,8192,184,0.012842508556786925
4,8192,185,0.012838348047807813
4,8192,186,0.012335531006101519
4,8192,187,0.013050971028860658
4,8192,188,0.012904922477900982
4,8192,189,0.012724765576422215
4,8192,190,0.012512192013673484
4,8192,191,0.013214461971074343
4,8192,192,0.01262607448734343
4,8192,193,0.01279656495898962
4,8192,194,0.012537977017927915
4,8192,195,0.01334857102483511
4,8192,196,0.01265040849102661
4,8192,197,0.012522503500804305
4,8192,198,0.012543847027700394
4,8192,199,0.013231810531578958
4,8192,200,0.012617000960744917
4,8192,201,0.012697498023044318
4,8192,202,0.012438088015187532
4,8192,203,0.013307192479260266
4,8192,204,0.01261296949815005
4,8192,205,0.012558439513668418
4,8192,206,0.012591673526912928
4,8192,207,0.013171504077035934
4,8192,208,0.012540439027361572
4,8192,209,0.012729325448162854
4,8192,210,0.012581412505824119
4,8192,211,0.013112482498399913
4,8192,212,0.012721752049401402
4,8192,213,0.012489742483012378
4,8192,214,0.012819730502087623
4,8192,215,0.012979800056200475
4,8192,216,0.012711184448562562
4,8192,217,0.012494417489506304
4,8192,218,0.012718454527202994
4,8192,219,0.012982590007595718
4,8192,220,0.013060914992820472
4,8192,221,0.012492894486058503
4,8192,222,0.012845468008890748
4,8192,223,0.012864471937064081
4,8192,224,0.012734737538266927
4,8192,225,0.012798750074580312
4,8192,226,0.012698506470769644
4,8192,227,0.01283455453813076
4,8192,228,0.012860031449235976
4,8192,229,0.01254311902448535
4,8192,230,0.012725661508738995
4,8192,231,0.012766649015247822
4,8192,232,0.012814999965485185
4,8192,233,0.012682654487434775
4,8192,234,0.013023595558479428
4,8192,235,0.012663533503655344
4,8192,236,0.012814211018849164
4,8192,237,0.012395342986565083
4,8192,238,0.012909834505990148
4,8192,239,0.01291631005005911
4,8192,240,0.012717130943201482
4,8192,241,0.012435920536518097
4,8192,242,0.013085765007417649
4,8192,243,0.012779913027770817
4,8192,244,0.012699384475126863
4,8192,245,0.012439635989721864
4,8192,246,0.012616168998647481
4,8192,247,0.013061894511338323
4,8192,248,0.012654483551159501
4,8192,249,0.012176156975328922
4,8192,250,0.012521602504421026
4,8192,251,0.012669548043049872
4,8192,252,0.011625665007159114
4,8192,253,0.01173771294998005
4,8192,254,0.012203180056530982
4,8192,255,0.012775119510479271
4,16000,4,0.11138618498807773
4,16000,5,0.11823822750011459
4,16000,6,0.12345576554071158
4,16000,7,0.12877100700279698
4,16000,8,0.08419935201527551
4,16000,9,0.052477005519904196
4,16000,10,0.05996154248714447
4,16000,11,0.06290203996468335
4,16000,12,0.06489573599537835
4,16000,13,0.0678105124970898
4,16000,14,0.06998429750092328
4,16000,15,0.07297808397561312
4,16000,16,0.027958522958215326
4,16000,17,0.014495150477159768
4,16000,18,0.014264582539908588
4,16000,19,0.01451420591911301
4,16000,20,0.01454808795824647
4,16000,21,0.014460609992966056
4,16000,22,0.014244667021557689
4,16000,23,0.01467190496623516
4,16000,24,0.014316934044472873
4,16000,25,0.014497195486910641
4,16000,26,0.01426512299804017
4,16000,27,0.014416818507015705
4,16000,28,0.014533251989632845
4,16000,29,0.014250150008592755
4,16000,30,0.014247688988689333
4,16000,31,0.01458772347541526
4,16000,32,0.01418556849239394
4,16000,33,0.014564814511686563
4,16000,34,0.014218574564438313
4,16000,35,0.014425379980821162
4,16000,36,0.014509356988128275
4,16000,37,0.014248643477912992
4,16000,38,0.014291722502093762
4,16000,39,0.014499234035611153
4,16000,40,0.01418689254205674
4,16000,41,0.014603981457185
4,16000,42,0.014340931549668312
4,16000,43,0.014387319446541369
4,16000,44,0.014353403996210545
4,16000,45,0.01429497852222994
4,16000,46,0.014289023994933814
4,16000,47,0.014504049497190863
4,16000,48,0.014206303982064128
4,16000,49,0.014575051493011415
4,16000,50,0.014256246038712561
4,16000,51,0.014427259971853346
4,16000,52,0.01440995407756418
4,16000,53,0.014348650991450995
4,16000,54,0.014505692524835467
4,16000,55,0.014424583001527935
4,16000,56,0.014206896477844566
4,16000,57,0.01442660897737369
4,16000,58,0.014304325974080712
4,16000,59,0.01441894198069349
4,16000,60,0.014416400925256312
4,16000,61,0.01437650597654283
4,16000,62,0.014367131981998682
4,16000,63,0.014277689042501152
4,16000,64,0.014248802443034947
4,16000,65,0.01448399102082476
4,16000,66,0.014405761554371566
4,16000,67,0.014398658531717956
4,16000,68,0.014431246498133987
4,16000,69,0.014383736939635128
4,16000,70,0.014368687523528934
4,16000,71,0.014274757530074567
4,16000,72,0.014077542000450194
4,16000,73,0.014505733968690038
4,16000,74,0.014374877035152167
4,16000,75,0.01439499546540901
4,16000,76,0.014458766963798553
4,16000,77,0.014382508059497923
4,16000,78,0.014356296043843031
4,16000,79,0.014128413458820432
4,16000,80,0.014068274467717856
4,16000,81,0.0145086360280402
4,16000,82,0.014418332953937352
4,16000,83,0.014337034954223782
4,16000,84,0.014613407955039293
4,16000,85,0.01430972950765863
4,16000,86,0.014306248514913023
4,16000,87,0.014223684964235872
4,16000,88,0.014303009549621493
4,16000,89,0.014671735989395529
4,16000,90,0.01433356647612527
4,16000,91,0.014291916973888874
4,16000,92,0.01462196052307263
4,16000,93,0.014222382509615272
4,16000,94,0.01432349398965016
4,16000,95,0.014366528543177992
4,16000,96,0.014485939522273839
4,16000,97,0.014432056981604546
4,16000,98,0.014233258028980345
4,16000,99,0.014262119948398322
4,16000,100,0.014617080974858254
4,16000,101,0.01421721203951165
4,16000,102,0.014403102977667004
4,16000,103,0.014363515947479755
4,16000,104,0.01449366647284478
4,16000,105,0.014199857541825622
4,16000,106,0.014403360488358885
4,16000,107,0.014219138480257243
4,16000,108,0.014543263998348266
4,16000,109,0.014230810513254255
4,16000,110,0.014451621507760137
4,16000,111,0.014394649537280202
4,16000,112,0.014429283502977341
4,16000,113,0.014195605996064842
4,16000,114,0.014343757473398
4,16000,115,0.014214206545148045
4,16000,116,0.014478465949650854
4,16000,117,0.014394440047908574
4,16000,118,0.014446607499849051
4,16000,119,0.0144542864873074
4,16000,120,0.014308166515547782
4,16000,121,0.014128805487416685
4,16000,122,0.01439591048983857
4,16000,123,0.0143044195137918
4,16000,124,0.01448331749998033
4,16000,125,0.01439968595514074
4,16000,126,0.014408238581381738
4,16000,127,0.014557521499227732
4,16000,128,0.014256631548050791
4,16000,129,0.014124941430054605
4,16000,130,0.01439965097233653
4,16000,131,0.014335108455270529
4,16000,132,0.014441282954066992
4,16000,133,0.014242911012843251
4,16000,134,0.014531172520946711
4,16000,135,0.014460476522799581
4,16000,136,0.014255179441533983
4,16000,137,0.014339187531732023
4,16000,138,0.014403018518351018
4,16000,139,0.01454816450132057
4,16000,140,0.014329332509078085
4,16000,141,0.014354385493788868
4,16000,142,0.014269439037889242
4,16000,143,0.014599509013351053
4,16000,144,0.014192908478435129
4,16000,145,0.01466102252015844
4,16000,146,0.014382107008714229
4,16000,147,0.014562302443664521
4,16000,148,0.0143002585391514
4,16000,149,0.014041267044376582
4,16000,150,0.014411800424568355
4,16000,151,0.014516705530695617
4,16000,152,0.014274482964538038
4,16000,153,0.014683361514471471
4,16000,154,0.014416208025068045
4,16000,155,0.014564978540875018
4,16000,156,0.014126042486168444
4,16000,157,0.014162147999741137
4,16000,158,0.014346664014738053
4,16000,159,0.01454810198629275
4,16000,160,0.014276524481829256
4,16000,161,0.014539786498062313
4,16000,162,0.014512860507238656
4,16000,163,0.014154808479361236
4,16000,164,0.014130312483757734
4,16000,165,0.014496331510599703
4,16000,166,0.01413882605265826
4,16000,167,0.014546886435709894
4,16000,168,0.014125653018709272
4,16000,169,0.014485414489172399
4,16000,170,0.014511631045024842
4,16000,171,0.014156423509120941
4,16000,172,0.014218906522728503
4,16000,173,0.014364754490088671
4,16000,174,0.014444953470956534
4,16000,175,0.014453422569204122
4,16000,176,0.014201948535628617
4,16000,177,0.01436737849144265
4,16000,178,0.014548653503879905
4,16000,179,0.014176920522004366
4,16000,180,0.01425948046380654
4,16000,181,0.014667243522126228
4,16000,182,0.014217783987987787
4,16000,183,0.01442561746807769
4,16000,184,0.014192209462635219
4,16000,185,0.014302539988420904
4,16000,186,0.01458649052074179
4,16000,187,0.01424499397398904
4,16000,188,0.01438256847904995
4,16000,189,0.014587058511096984
4,16000,190,0.01422160753281787
4,16000,191,0.014302906463854015
4,16000,192,0.014305818476714194
4,16000,193,0.014308083453215659
4,16000,194,0.014599771006032825
4,16000,195,0.014485923980828375
4,16000,196,0.01425277756061405
4,16000,197,0.01457911595935002
4,16000,198,0.014197106065694243
4,16000,199,0.014440850995015353
4,16000,200,0.014374822494573891
4,16000,201,0.014328140474390239
4,16000,202,0.014589059050194919
4,16000,203,0.01422780699795112
4,16000,204,0.014352334022987634
4,16000,205,0.014580335468053818
4,16000,206,0.014195407507941127
4,16000,207,0.014178830955643207
4,16000,208,0.014429908012971282
4,16000,209,0.014368408476002514
4,16000,210,0.01449923700420186
4,16000,211,0.01412760146195069
4,16000,212,0.014363121532369405
4,16000,213,0.014444406959228218
4,16000,214,0.014316217508167028
4,16000,215,0.014418345992453396
4,16000,216,0.014479773992206901
4,16000,217,0.014371137018315494
4,16000,218,0.014408588467631489
4,16000,219,0.014297938498202711
4,16000,220,0.014282761025242507
4,16000,221,0.014446355518884957
4,16000,222,0.014505284023471177
4,16000,223,0.014587269979529083
4,16000,224,0.014424119493924081
4,16000,225,0.01443632150767371
4,16000,226,0.014302939525805414
4,16000,227,0.014295686967670918
4,16000,228,0.014326524978969246
4,16000,229,0.014390469004865736
4,16000,230,0.014558225986547768
4,16000,231,0.014593193482141942
4,16000,232,0.014288006525021046
4,16000,233,0.014213448448572308
4,16000,234,0.014182569517288357
4,16000,235,0.014287316997069865
4,16000,236,0.014270698477048427
4,16000,237,0.014326352975331247
4,16000,238,0.01445107499603182
4,16000,239,0.014594614040106535
4,16000,240,0.013368968502618372
4,16000,241,0.013809155963826925
4,16000,242,0.013981885043904185
4,16000,243,0.013834787998348475
4,16000,244,0.014244295482058078
4,16000,245,0.013781026529613882
4,16000,246,0.013861285988241434
4,16000,247,0.014562093536369503
4,16000,248,0.012241311487741768
4,16000,249,0.013304097461514175
4,16000,250,0.013119642506353557
4,16000,251,0.013064450526144356
4,16000,252,0.013333783950656652
4,16000,253,0.01313904405105859
4,16000,254,0.012898038025014102
4,16000,255,0.01376026647631079
8,8192,4,0.09810171253047884
8,8192,5,0.09597284946357831
8,8192,6,0.1048808129853569
8,8192,7,0.11151844705455005
8,8192,8,0.09809917001985013
8,8192,9,0.09597050200682133
8,8192,10,0.09984257695032284
8,8192,11,0.10849878453882411
8,8192,12,0.06071062391856685
8,8192,13,0.05507196206599474
8,8192,14,0.05739711399655789
8,8192,15,0.06351100350730121
8,8192,16,0.019332408031914383
8,8192,17,0.014727073023095727
8,8192,18,0.014469338057097048
8,8192,19,0.014716522477101535
8,8192,20,0.01464726944686845
8,8192,21,0.01464342448161915
8,8192,22,0.014407846494577825
8,8192,23,0.014560859533958137
8,8192,24,0.014639961009379476
8,8192,25,0.014591575949452817
8,8192,26,0.014384225534740835
8,8192,27,0.014421533036511391
8,8192,28,0.014514315000269562
8,8192,29,0.014640872948803008
8,8192,30,0.014271179563365877
8,8192,31,0.014372655539773405
8,8192,32,0.014544830017257482
8,8192,33,0.014492392481770366
8,8192,34,0.01435518398648128
8,8192,35,0.014418626029510051
8,8192,36,0.014401098480448127
8,8192,37,0.014492259942926466
8,8192,38,0.014353331469465047
8,8192,39,0.014427752990741283
8,8192,40,0.014521702483762056
8,8192,41,0.0144734539790079
8,8192,42,0.014342009497340769
8,8192,43,0.01433629251550883
8,8192,44,0.0144413509988226
8,8192,45,0.01446115446742624
8,8192,46,0.01454194652615115
8,8192,47,0.014256913971621543
8,8192,48,0.014498310978524387
8,8192,49,0.014467112021520734
8,8192,50,0.014535475056618452
8,8192,51,0.014288944483269006
8,8192,52,0.014448896516114473
8,8192,53,0.014475363539531827
8,8192,54,0.014402930566575378
8,8192,55,0.014350629993714392
8,8192,56,0.014446479501202703
8,8192,57,0.014426524518057704
8,8192,58,0.014594178996048868
8,8192,59,0.01422761450521648
8,8192,60,0.01451784250093624
8,8192,61,0.014433267468120903
8,8192,62,0.01458442903822288
8,8192,63,0.014194286952260882
8,8192,64,0.014538233517669141
8,8192,65,0.014489240013062954
8,8192,66,0.014553679502569139
8,8192,67,0.014346866053529084
8,8192,68,0.014482095022685826
8,8192,69,0.014541896060109138
8,8192,70,0.014544831472449005
8,8192,71,0.01433515053940937
8,8192,72,0.014488807530142367
8,8192,73,0.014561559015419334
8,8192,74,0.014477806456852704
8,8192,75,0.0144336445373483
8,8192,76,0.014413626515306532
8,8192,77,0.0145386399817653
8,8192,78,0.014630172576289624
8,8192,79,0.01445272850105539
8,8192,80,0.014420145016629249
8,8192,81,0.01456278352998197
8,8192,82,0.01437322748824954
8,8192,83,0.014510440465528518
8,8192,84,0.014480357058346272
8,8192,85,0.014545447484124452
8,8192,86,0.014364643022418022
8,8192,87,0.014438603015150875
8,8192,88,0.014624901523347944
8,8192,89,0.01442953251535073
8,8192,90,0.01434036495629698
8,8192,91,0.01449636253528297
8,8192,92,0.014435709512326866
8,8192,93,0.014523288467898965
8,8192,94,0.014490034547634423
8,8192,95,0.014419118466321379
8,8192,96,0.014434387965593487
8,8192,97,0.014588885533157736
8,8192,98,0.01445417496142909
8,8192,99,0.014503809972666204
8,8192,100,0.014519639953505248
8,8192,101,0.014460770995356143
8,8192,102,0.01453070406569168
8,8192,103,0.014310687955003232
8,8192,104,0.014662902511190623
8,8192,105,0.01445401948876679
8,8192,106,0.014424033463001251
8,8192,107,0.014360343455336988
8,8192,108,0.014604685478843749
8,8192,109,0.014508733002003282
8,8192,110,0.014458174468018115
8,8192,111,0.01429760199971497
8,8192,112,0.014502265024930239
8,8192,113,0.014446987013798207
8,8192,114,0.014562004478648305
8,8192,115,0.014355069550219923
8,8192,116,0.014482899976428598
8,8192,117,0.014418307458981872
8,8192,118,0.014563244010787457
8,8192,119,0.01439775648759678
8,8192,120,0.014563052041921765
8,8192,121,0.014420485531445593
8,8192,122,0.014567017962690443
8,8192,123,0.014470113557763398
8,8192,124,0.01447364903287962
8,8192,125,0.014449320966377854
8,8192,126,0.014510948560200632
8,8192,127,0.014483525010291487
8,8192,128,0.014473891525994986
8,8192,129,0.014469237066805363
8,8192,130,0.014427385060116649
8,8192,131,0.014410690928343683
8,8192,132,0.01448197546415031
8,8192,133,0.01454421499511227
8,8192,134,0.01430835749488324
8,8192,135,0.014429664937779307
8,8192,136,0.01447370252572
8,8192,137,0.014535794558469206
8,8192,138,0.01429695647675544
8,8192,139,0.014592656458262354
8,8192,140,0.014552178559824824
8,8192,141,0.014553710527252406
8,8192,142,0.014290397462900728
8,8192,143,0.014577192021533847
8,8192,144,0.014600971015170217
8,8192,145,0.01454378745984286
8,8192,146,0.014269319013692439
8,8192,147,0.014593514963053167
8,8192,148,0.014588625577744097
8,8192,149,0.014500520541332662
8,8192,150,0.014299099042546004
8,8192,151,0.014489994558971375
8,8192,152,0.014358278946019709
8,8192,153,0.014528752479236573
8,8192,154,0.014343786984682083
8,8192,155,0.014499911456368864
8,8192,156,0.014299614529591054
8,8192,157,0.014575264533050358
8,8192,158,0.014348438533488661
8,8192,159,0.014443464460782707
8,8192,160,0.014364229515194893
8,8192,161,0.014536133501678705
8,8192,162,0.01444811699911952
8,8192,163,0.01434565003728494
8,8192,164,0.01444982597604394
8,8192,165,0.01453743752790615
8,8192,166,0.014329445490147918
8,8192,167,0.014356181491166353
8,8192,168,0.014486917003523558
8,8192,169,0.014474808471277356
8,8192,170,0.014445370063185692
8,8192,171,0.014367287454660982
8,8192,172,0.014544627978466451
8,8192,173,0.014475677977316082
8,8192,174,0.014383315516170114
8,8192,175,0.014402729517314583
8,8192,176,0.014632649545092136
8,8192,177,0.01435486349510029
8,8192,178,0.01441840548068285
8,8192,179,0.014409042021725327
8,8192,180,0.014532046508975327
8,8192,181,0.014366228482685983
8,8192,182,0.014472275972366333
8,8192,183,0.014459149504546076
8,8192,184,0.014540624979417771
8,8192,185,0.014397085993550718
8,8192,186,0.014470839058049023
8,8192,187,0.014413934492040426
8,8192,188,0.014526127488352358
8,8192,189,0.014367418538313359
8,8192,190,0.01440185948740691
8,8192,191,0.014402752043679357
8,8192,192,0.014533902518451214
8,8192,193,0.014285379962529987
8,8192,194,0.014486043422948569
8,8192,195,0.014370126998983324
8,8192,196,0.014579981565475464
8,8192,197,0.014299207483418286
8,8192,198,0.014480384008493274
8,8192,199,0.014379028463736176
8,8192,200,0.014571517996955663
8,8192,201,0.014316535496618599
8,8192,202,0.014486174564808607
8,8192,203,0.014472768001724035
8,8192,204,0.014443341933656484
8,8192,205,0.0144006940536201
8,8192,206,0.014364463451784104
8,8192,207,0.014613235020078719
8,8192,208,0.014511273533571512
8,8192,209,0.014328438497614115
8,8192,210,0.014470785507000983
8,8192,211,0.01445353648159653
8,8192,212,0.014567136007826775
8,8192,213,0.014324778981972486
8,8192,214,0.014462837483733892
8,8192,215,0.014424845518078655
8,8192,216,0.014526373008266091
8,8192,217,0.014435492979828268
8,8192,218,0.014437662495765835
8,8192,219,0.01438091800082475
8,8192,220,0.01451835996704176
8,8192,221,0.014498913020361215
8,8192,222,0.014430057548452169
8,8192,223,0.014541156473569572
8,8192,224,0.014559075003489852
8,8192,225,0.01448093552608043
8,8192,226,0.014443825522903353
8,8192,227,0.014329940953757614
8,8192,228,0.014558916038367897
8,8192,229,0.014492438465822488
8,8192,230,0.014435250021051615
8,8192,231,0.01457052497426048
8,8192,232,0.014459985017310828
8,8192,233,0.014564725512173027
8,8192,234,0.014458028541412205
8,8192,235,0.014384094916749746
8,8192,236,0.014491900510620326
8,8192,237,0.014433724980335683
8,8192,238,0.014445690962020308
8,8192,239,0.014500473509542644
8,8192,240,0.014309269492514431
8,8192,241,0.01412209594855085
8,8192,242,0.014443302934523672
8,8192,243,0.014318261994048953
8,8192,244,0.013841020525433123
8,8192,245,0.014105200069025159
8,8192,246,0.014384468959178776
8,8192,247,0.014234404487069696
8,8192,248,0.01281792955705896
8,8192,249,0.013757318025454879
8,8192,250,0.013673251029103994
8,8192,251,0.01388219848740846
8,8192,252,0.01205260946881026
8,8192,253,0.01317711197771132
8,8192,254,0.012784332502633333
8,8192,255,0.01340889697894454
8,16000,4,0.11868458898970857
8,16000,5,0.12427133199525997
8,16000,6,0.1310309689724818
8,16000,7,0.13770680053858086
8,16000,8,0.11333957751048729
8,16000,9,0.09007870202185586
8,16000,10,0.10683301248354837
8,16000,11,0.11404025147203356
8,16000,12,0.11946062499191612
8,16000,13,0.1243509880732745
8,16000,14,0.13173158949939534
8,16000,15,0.13804280059412122
8,16000,16,0.08914434048347175
8,16000,17,0.09005674294894561
8,16000,18,0.10829310055123642
8,16000,19,0.11438176897354424
8,16000,20,0.12053290900075808
8,16000,21,0.1243607405340299
8,16000,22,0.1323988109943457
8,16000,23,0.11340554349590093
8,16000,24,0.05224721599370241
8,16000,25,0.05397674097912386
8,16000,26,0.06356712151318789
8,16000,27,0.06662004947429523
8,16000,28,0.07025486452039331
8,16000,29,0.0714418304269202
8,16000,30,0.07578538049710914
8,16000,31,0.05369059997610748
8,16000,32,0.017579228500835598
8,16000,33,0.017966455488931388
8,16000,34,0.017707701481413096
8,16000,35,0.017910155991557986
8,16000,36,0.017850923526566476
8,16000,37,0.018080610025208443
8,16000,38,0.0174516259576194
8,16000,39,0.018288517487235367
8,16000,40,0.017801825481001288
8,16000,41,0.01789452153025195
8,16000,42,0.017900198989082128
8,16000,43,0.017715171969030052
8,16000,44,0.01772296050330624
8,16000,45,0.01778217003447935
8,16000,46,0.017605679051484913
8,16000,47,0.017976837523747236
8,16000,48,0.01783697697101161
8,16000,49,0.017643028986640275
8,16000,50,0.017721709504257888
8,16000,51,0.01774767745519057
8,16000,52,0.017553169513121247
8,16000,53,0.017802775488235056
8,16000,54,0.017614371550735086
8,16000,55,0.017568565963301808
8,16000,56,0.01791959546972066
8,16000,57,0.017392201989423484
8,16000,58,0.017627550987526774
8,16000,59,0.017699671967420727
8,16000,60,0.017584667541086674
8,16000,61,0.017661181511357427
8,16000,62,0.017584935994818807
8,16000,63,0.017564668029081076
8,16000,64,0.01792558649322018
8,16000,65,0.01740774797508493
8,16000,66,0.017485861491877586
8,16000,67,0.017735683941282332
8,16000,68,0.017457552487030625
8,16000,69,0.01760082901455462
8,16000,70,0.017465499986428767
8,16000,71,0.017728135513607413
8,16000,72,0.017805393028538674
8,16000,73,0.01744538196362555
8,16000,74,0.017549786483868957
8,16000,75,0.017710100044496357
8,16000,76,0.017585830006282777
8,16000,77,0.01749956450657919
8,16000,78,0.017443920020014048
8,16000,79,0.017988340987358242
8,16000,80,0.01756120700156316
8,16000,81,0.01764211995759979
8,16000,82,0.01749189750989899
8,16000,83,0.017854612495284528
8,16000,84,0.01768592046573758
8,16000,85,0.017497099994216114
8,16000,86,0.017532263475004584
8,16000,87,0.01807013398502022
8,16000,88,0.017400967539288104
8,16000,89,0.01766233198577538
8,16000,90,0.017559241503477097
8,16000,91,0.017704273981507868
8,16000,92,0.017735511530190706
8,16000,93,0.017491162463556975
8,16000,94,0.017682695062831044
8,16000,95,0.018005477963015437
8,16000,96,0.017587185953743756
8,16000,97,0.017556185950525105
8,16000,98,0.017671503534074873
8,16000,99,0.017692634952254593
8,16000,100,0.01782698999159038
8,16000,101,0.01739571848884225
8,16000,102,0.01784538454376161
8,16000,103,0.017789812991395593
8,16000,104,0.017575850011780858
8,16000,105,0.017614294425584376
8,16000,106,0.017661827034316957
8,16000,107,0.017579417035449296
8,16000,108,0.01784127950668335
8,16000,109,0.017394363007042557
8,16000,110,0.01787682349095121
8,16000,111,0.017726915946695954
8,16000,112,0.017607593501452357
8,16000,113,0.01771027344511822
8,16000,114,0.01767841598484665
8,16000,115,0.01758704800158739
8,16000,116,0.017698680981993675
8,16000,117,0.01753664098214358
8,16000,118,0.0179064215044491
8,16000,119,0.017727104073856026
8,16000,120,0.017589145980309695
8,16000,121,0.017664503946434706
8,16000,122,0.017924637533724308
8,16000,123,0.01750437798909843
8,16000,124,0.017626011453103274
8,16000,125,0.01766780694015324
8,16000,126,0.01777102897176519
8,16000,127,0.017713277484290302
8,16000,128,0.017694900976493955
8,16000,129,0.01765051099937409
8,16000,130,0.017730749503243715
8,16000,131,0.01779161795275286
8,16000,132,0.017709366977214813
8,16000,133,0.017822751018684357
8,16000,134,0.017619984922930598
8,16000,135,0.017867200484033674
8,16000,136,0.01770430343458429
8,16000,137,0.01767644303617999
8,16000,138,0.0177272119326517
8,16000,139,0.017786874494049698
8,16000,140,0.017684528545942158
8,16000,141,0.01785746350651607
8,16000,142,0.017516446474473923
8,16000,143,0.017793597478885204
8,16000,144,0.017793534498196095
8,16000,145,0.01767700200434774
8,16000,146,0.01757504150737077
8,16000,147,0.01778274099342525
8,16000,148,0.017673385504167527
8,16000,149,0.01787447149399668
8,16000,150,0.017507089010905474
8,16000,151,0.01766949996817857
8,16000,152,0.017855319078080356
8,16000,153,0.017646758526097983
8,16000,154,0.017584070505108684
8,16000,155,0.017823824018705636
8,16000,156,0.017682033532764763
8,16000,157,0.017882676445879042
8,16000,158,0.01749280048534274
8,16000,159,0.017724016506690532
8,16000,160,0.0178405754850246
8,16000,161,0.017745041521266103
8,16000,162,0.017452272528316826
8,16000,163,0.017937710450496525
8,16000,164,0.017675809503998607
8,16000,165,0.017792838509194553
8,16000,166,0.01760066847782582
8,16000,167,0.01775492902379483
8,16000,168,0.01779680699110031
8,16000,169,0.017731731990352273
8,16000,170,0.017582465487066656
8,16000,171,0.017716696544084698
8,16000,172,0.017709031468257308
8,16000,173,0.01773449848406017
8,16000,174,0.01773739600321278
8,16000,175,0.017713912995532155
8,16000,176,0.01774960645707324
8,16000,177,0.01771065901266411
8,16000,178,0.017598064499907196
8,16000,179,0.017795101972296834
8,16000,180,0.017748669488355517
8,16000,181,0.017688088992144912
8,16000,182,0.01772703498136252
8,16000,183,0.017760737508069724
8,16000,184,0.017797966487705708
8,16000,185,0.017560747044626623
8,16000,186,0.017684321443084627
8,16000,187,0.017756063025444746
8,16000,188,0.01782021898543462
8,16000,189,0.017696168506518006
8,16000,190,0.01771537901367992
8,16000,191,0.01776704750955105
8,16000,192,0.017781205067876726
8,16000,193,0.01770360756199807
8,16000,194,0.017506412463262677
8,16000,195,0.017672817048151046
8,16000,196,0.017808618547860533
8,16000,197,0.017687999992631376
8,16000,198,0.017711688531562686
8,16000,199,0.017808336531743407
8,16000,200,0.017920308047905564
8,16000,201,0.01753781345905736
8,16000,202,0.01758487557526678
8,16000,203,0.01763708994258195
8,16000,204,0.017710156505927444
8,16000,205,0.017709975538309664
8,16000,206,0.017579139035660774
8,16000,207,0.01785369002027437
8,16000,208,0.01782831345917657
8,16000,209,0.017366109532304108
8,16000,210,0.01769566093571484
8,16000,211,0.01764657802414149
8,16000,212,0.017687368497718126
8,16000,213,0.01767727645346895
8,16000,214,0.017529073462355882
8,16000,215,0.017850366013590246
8,16000,216,0.017780650465283543
8,16000,217,0.017263505491428077
8,16000,218,0.017754775937646627
8,16000,219,0.01760232646483928
8,16000,220,0.017661079007666558
8,16000,221,0.017649195506237447
8,16000,222,0.017494881991297007
8,16000,223,0.017822094028815627
8,16000,224,0.017691065033432096
8,16000,225,0.017243114998564124
8,16000,226,0.017622521962039173
8,16000,227,0.01760780601762235
8,16000,228,0.017472902545705438
8,16000,229,0.01732202450511977
8,16000,230,0.01736636646091938
8,16000,231,0.01777628652052954
8,16000,232,0.017247540992684662
8,16000,233,0.01726319652516395
8,16000,234,0.017471236002165824
8,16000,235,0.01735553948674351
8,16000,236,0.017185336037073284
8,16000,237,0.016340877511538565
8,16000,238,0.01729923253878951
8,16000,239,0.017844433546997607
8,16000,240,0.01640233746729791
8,16000,241,0.016393918020185083
8,16000,242,0.01622031454462558
8,16000,243,0.016164730943273753
8,16000,244,0.016127614013385028
8,16000,245,0.015268070565070957
8,16000,246,0.01625386450905353
8,16000,247,0.016946009476669133
8,16000,248,0.014553353539668024
8,16000,249,0.014914373983629048
8,16000,250,0.014641202986240387
8,16000,251,0.014927340555004776
8,16000,252,0.014839688024949282
8,16000,253,0.015123543504159898
8,16000,254,0.014887530938722193
8,16000,255,0.015468724013771862
